{
    "a": [
        8.0,
        0.0
    ],
    "b": [
        8.3,
        1.0995574287564276
    ],
    "c": [
        8.6,
        2.199114857512855
    ],
    "d": [
        8.9,
        3.2986722862692828
    ],
    "e": [
        9.2,
        4.39822971502571
    ],
    "f": [
        9.5,
        5.497787143782138
    ],
    "g": [
        9.8,
        0.3141592653589793
    ],
    "h": [
        10.1,
        1.413716694115407
    ],
    "i": [
        10.4,
        2.5132741228718345
    ],
    "j": [
        10.7,
        3.6128315516282616
    ],
    "k": [
        11.0,
        4.71238898038469
    ],
    "l": [
        11.3,
        5.811946409141117
    ],
    "m": [
        11.6,
        0.6283185307179586
    ],
    "n": [
        11.9,
        1.7278759594743864
    ],
    "o": [
        12.2,
        2.827433388230814
    ],
    "p": [
        12.5,
        3.9269908169872414
    ],
    "q": [
        12.8,
        5.026548245743669
    ],
    "r": [
        13.1,
        6.126105674500097
    ],
    "s": [
        13.4,
        0.9424777960769379
    ],
    "t": [
        13.7,
        2.0420352248333655
    ],
    "u": [
        14.0,
        3.141592653589793
    ],
    "v": [
        14.3,
        4.241150082346221
    ],
    "w": [
        14.6,
        5.340707511102648
    ],
    "x": [
        14.9,
        0.15707963267948966
    ],
    "y": [
        15.2,
        1.2566370614359172
    ],
    "z": [
        15.5,
        2.356194490192345
    ],
    "\\s": [
        15.8,
        3.455751918948773
    ]
}