{
    "1": {"frequency": 9.53, "order": 1, "phase": 0.1570796326794863, "row": 0},
    "2": {"frequency": 10.65, "order": 2, "phase": 1.5707963267948966, "row": 0},
    "3": {"frequency": 6.97, "order": 3, "phase": 1.413716694115406, "row": 0},
    "\b": {"frequency": 9.37, "order": 11, "phase": 5.340707511102646, "row": 0},
    "\\s": {"frequency": 8.09, "order": 11, "phase": 2.827433388230812, "row": 4},
    "a": {"frequency": 9.05, "order": 12, "phase": 3.141592653589793, "row": 2},
    "b": {"frequency": 7.13, "order": 25, "phase": 2.513274122871834, "row": 3},
    "c": {"frequency": 5.85, "order": 23, "phase": 0.0, "row": 3},
    "d": {"frequency": 8.41, "order": 14, "phase": 5.026548245743668, "row": 2},
    "e": {"frequency": 10.17, "order": 3, "phase": 4.555309347705197, "row": 1},
    "f": {"frequency": 9.69, "order": 15, "phase": 1.2566370614359128, "row": 2},
    "g": {"frequency": 6.49, "order": 16, "phase": 4.39822971502571, "row": 2},
    "h": {"frequency": 8.89, "order": 17, "phase": 2.0420352248333637, "row": 2},
    "i": {"frequency": 8.57, "order": 8, "phase": 6.126105674500094, "row": 1},
    "j": {"frequency": 10.49, "order": 18, "phase": 0.4712388980384645, "row": 2},
    "k": {"frequency": 9.21, "order": 19, "phase": 4.24115008234622, "row": 2},
    "l": {"frequency": 6.01, "order": 20, "phase": 1.0995574287564276, "row": 2},
    "m": {"frequency": 7.45, "order": 27, "phase": 4.71238898038469, "row": 3},
    "n": {"frequency": 6.17, "order": 26, "phase": 2.199114857512855, "row": 3},
    "o": {"frequency": 7.61, "order": 9, "phase": 5.811946409141116, "row": 1},
    "p": {"frequency": 8.73, "order": 10, "phase": 0.9424777960769374, "row": 1},
    "q": {"frequency": 6.81, "order": 1, "phase": 0.3141592653589782, "row": 1},
    "r": {"frequency": 6.65, "order": 4, "phase": 5.497787143782138, "row": 1},
    "s": {"frequency": 6.33, "order": 13, "phase": 3.2986722862692823, "row": 2},
    "t": {"frequency": 8.25, "order": 5, "phase": 3.9269908169872414, "row": 1},
    "u": {"frequency": 7.77, "order": 7, "phase": 0.6283185307179564, "row": 1},
    "v": {"frequency": 10.33, "order": 24, "phase": 5.654866776461624, "row": 3},
    "w": {"frequency": 7.93, "order": 2, "phase": 1.7278759594743855, "row": 1},
    "x": {"frequency": 7.29, "order": 22, "phase": 3.6128315516282616, "row": 3},
    "y": {"frequency": 10.01, "order": 6, "phase": 3.455751918948771, "row": 1},
    "z": {"frequency": 9.85, "order": 21, "phase": 2.356194490192345, "row": 3}
}

